frame_nmr,car_id,car_bbox,license_plate_bbox,license_plate_bbox_score,license_number,license_number_score
1,507.0,[1098.192915808695 585.1894859852185 1394.3859010734486 876.2758505633159],[1205.4664306640625 781.219482421875 1292.6788330078125 826.5692138671875],0.44682949781417847,KD51YSU,0.1652829621794784
2,506.0,[371.3434699815367 693.0165799521341 715.3922464627211 1006.7610006721501],[477.29144287109375 892.892578125 592.0977172851562 939.8479614257812],0.5059911012649536,NA13MPU,0.28027737963695354
3,506.0,[367.85648694801773 695.8119995316863 712.2651527330978 1011.294041602293],[472.7347717285156 892.874267578125 595.3324584960938 943.968017578125],0.4128643274307251,NA13MRU,0.5074403551109437
4,507.0,[1093.8776797517326 587.3679194542385 1398.482854338616 884.8048778169289],[1204.41552734375 791.1725463867188 1293.0345458984375 830.9972534179688],0.5615907311439514,MW51TSU,0.03834699199282542
4,506.0,[367.47061023615277 698.5432207540902 716.0455045403913 1016.0544753690102],[472.5860595703125 895.4879760742188 595.4284057617188 947.430419921875],0.4603406488895416,NA13HPU,0.13888156714075514
7,506.0,[359.31521864267927 706.7936808148222 713.1451516672902 1030.8093495168366],[474.9759521484375 912.3912963867188 587.0638427734375 959.6898193359375],0.5506570339202881,NA13MRU,0.18539660198657784
9,506.0,[350.761940538368 711.4370930187122 706.188565587486 1036.7672880716773],[460.24127197265625 916.7164916992188 590.6255493164062 970.5390625],0.5639490485191345,NA13NRU,0.16627756792529225
10,507.0,[1096.5703304157985 599.2556964708124 1410.4964725763605 901.7458513264132],[1209.199951171875 804.7428588867188 1297.349853515625 850.4855346679688],0.551775336265564,MO51VSV,0.21151797409743223
10,506.0,[349.1350342961919 714.9144277740565 704.9410810219636 1040.7969057588996],[458.0195617675781 920.2838745117188 584.3698120117188 971.7161865234375],0.48428988456726074,NA13NRU,0.4165964459483156
12,506.0,[346.18624750758937 721.138091621996 703.9786367764157 1048.723677422484],[463.8826904296875 930.4391479492188 584.9844360351562 983.150634765625],0.5603020191192627,HA13NAU,0.2632085426353111
14,507.0,[1099.1324951819872 611.2658151959056 1409.8921391988385 914.0341478333662],[1213.1011962890625 818.8276977539062 1298.967041015625 860.9014892578125],0.6442155838012695,NI51VSU,0.08776741091757
14,506.0,[341.36974911559025 728.6557499152799 700.6357924397129 1056.1627871861338],[464.466064453125 940.417236328125 579.5806884765625 991.0484619140625],0.5888235569000244,NA13NRU,0.3959268862451985
17,507.0,[1099.7616252586377 622.7260730007481 1413.055653405264 928.1594909326416],[1217.230712890625 829.1991577148438 1307.9173583984375 874.1486206054688],0.6235050559043884,KU51VSD,0.0966426837611399
17,506.0,[334.6488343738564 740.6507273499077 696.5331032125044 1067.6082464473677],[451.9098815917969 950.39501953125 578.75341796875 1003.7969970703125],0.5765131711959839,NA13NRU,0.23160641083533062
18,507.0,[1099.935417767837 625.5906919914935 1416.3461410077311 931.3373692159123],[1216.0819091796875 829.58642578125 1308.245849609375 873.6531372070312],0.6212990283966064,CD51VSU,0.11233660613246962
19,507.0,[1101.1367338089592 625.4270478490332 1420.0700184561572 933.1388803287623],[1216.4119873046875 835.9068603515625 1306.6866455078125 876.4163818359375],0.622791051864624,CO51YSU,0.13511001268088668
19,506.0,[332.8431295772862 748.0103448149458 695.9374809246644 1074.0025990343306],[451.0344543457031 961.7298583984375 567.4464721679688 1009.7875366210938],0.6144529581069946,NA13NRU,0.33498295052127763
20,507.0,[1101.3284922531946 626.5159433466583 1422.1712615983681 936.2028779127584],[1217.841064453125 840.11865234375 1310.5333251953125 881.2476196289062],0.6454426050186157,CO51YSU,0.1459787039019634
20,506.0,[329.84212594242285 753.0545568968965 693.8200762284599 1076.6620984650235],[442.9770812988281 964.0162353515625 575.4476318359375 1019.835205078125],0.6134864091873169,NA13NRU,0.45115001219264084
21,506.0,[327.79167852556014 755.3902897555939 692.6350487938594 1077.5723600989281],[436.31964111328125 961.6614990234375 567.7509155273438 1018.742431640625],0.6429227590560913,NA13NRU,0.6891699895316825
22,507.0,[1103.467684505325 630.7474478031833 1427.4291234841003 942.4642993184399],[1219.04296875 844.8319702148438 1309.7427978515625 886.6036376953125],0.6855881214141846,ND51VSW,0.040575413803370465
23,506.0,[325.09679293538943 760.1468166206416 691.0927593723794 1077.6752293183351],[436.21563720703125 975.563232421875 566.2461547851562 1033.4619140625],0.630473256111145,MA13NRU,0.6252462069223385
24,506.0,[324.10177350898675 762.9837616334928 690.3320398968676 1078.0346635332182],[431.4570007324219 981.1031494140625 567.0366821289062 1037.15283203125],0.6187689900398254,NA13NRU,0.7686109512943203
26,506.0,[321.16808455704114 770.3789540412031 690.6771852470351 1078.4259579783084],[427.388671875 988.9464721679688 565.0147705078125 1045.9332275390625],0.6597664952278137,NA13NRU,0.23413160070208883
27,506.0,[320.1391236314677 773.4993616151006 689.9391514200145 1078.329597630487],[436.7417297363281 990.9697265625 558.836181640625 1046.0496826171875],0.6656240820884705,NA13MRU,0.3911905927865974
30,506.0,[318.1328373942999 784.5529533408502 686.5362748289285 1078.5671073358244],[438.2390441894531 1011.2467041015625 559.76611328125 1062.8011474609375],0.7047337889671326,NA13NRU,0.2521832930758155
32,507.0,[1106.9297413314482 654.5260487826343 1437.149872572373 982.7434974268839],[1223.3065185546875 878.7559204101562 1318.406005859375 922.5664672851562],0.6200553178787231,WO51MSU,0.061863600526739615
33,507.0,[1107.5890547088052 657.4981392536934 1438.352570839345 985.2653871517666],[1225.6871337890625 882.540771484375 1318.241455078125 924.4259643554688],0.604864776134491,NI51KSU,0.05153232367717243
34,-1,[-1 -1 -1 -1],[428.7085876464844 1032.643310546875 554.85791015625 1080.0],0.6311648488044739,NA13MRU,0.5221198888300957
37,509.0,[571.9317105059708 564.0124622485328 859.445652207535 789.7559469848209],[668.9275512695312 700.1422119140625 754.3636474609375 736.8702392578125],0.30180853605270386,CI15OCJ,0.1399718217411986
41,507.0,[1110.0071265609188 682.7765794596154 1448.539870476876 1020.1117163697501],[1232.872314453125 913.27685546875 1330.14306640625 957.5504760742188],0.680219292640686,NT51VSU,0.23784746985784494
42,509.0,[566.4967254332323 572.1614778369878 856.3485315846219 800.7461730569562],[675.2843627929688 710.7401733398438 756.7256469726562 753.3982543945312],0.3041099011898041,GX15OGJ,0.08917632096161354
47,507.0,[1112.468733618499 696.09394135917 1461.4251588334926 1041.6343783576308],[1237.9910888671875 937.01171875 1336.73779296875 981.87109375],0.7110128402709961,WY51YSU,0.12443888993603901
53,509.0,[552.497941071609 592.4854546975 853.7684573225778 834.2292397526451],[653.009765625 737.9644775390625 745.752685546875 782.5447998046875],0.2803575098514557,GI15OGJ,0.11874039278182738
55,507.0,[1119.5330748659455 721.2775224983911 1479.1345651627864 1070.4693782524268],[1246.37890625 968.2855224609375 1348.102783203125 1013.06982421875],0.6669213771820068,NI51VSV,0.1606908334644191
59,507.0,[1124.4074149048752 731.5925372056057 1480.4411481308107 1075.1536545540985],[1253.042724609375 984.9926147460938 1355.2935791015625 1031.30712890625],0.714730441570282,LI51VSU,0.06030994053062123
60,507.0,[1125.9612213153198 733.9091364858814 1481.801123864407 1074.9800761230715],[1250.5751953125 985.4976196289062 1355.6956787109375 1032.5223388671875],0.7204973697662354,MQ51VSU,0.04017291297093114
62,507.0,[1125.4174336089352 741.8825897901688 1481.666801457449 1076.122297280012],[1255.4132080078125 994.579345703125 1361.8817138671875 1045.2391357421875],0.6968743205070496,MT51VSV,0.1310898428544374
63,509.0,[539.023298082969 615.3464132927664 849.0057530466665 858.9026063560367],[653.5557861328125 763.4578857421875 737.7947387695312 803.2673950195312],0.28396156430244446,CX15OGJ,0.15657599307839143
72,-1,[-1 -1 -1 -1],[1265.6107177734375 1039.784912109375 1372.2568359375 1080.0],0.6683676242828369,NW51MSU,0.05669222681823313
72,509.0,[525.0808599025204 633.042847931356 841.6521878864016 883.3202275460702],[641.5819702148438 786.9197387695312 733.2135009765625 828.7267456054688],0.4840044379234314,GX15OGJ,0.40078423899424814
73,-1,[-1 -1 -1 -1],[1269.8338623046875 1044.4691162109375 1377.4566650390625 1080.0],0.5659186244010925,CN75IST,0.09559319393948686
73,509.0,[524.772069031867 636.3243589079661 840.7494017478155 886.964032678193],[634.57861328125 793.2262573242188 736.7944946289062 833.7559204101562],0.44473719596862793,GX15OEJ,0.6980106156371354
75,509.0,[523.3803292384873 639.6036684747743 842.8600705102617 891.2762293645354],[627.2020263671875 797.9788208007812 724.0474243164062 840.7493286132812],0.5304434895515442,GX15OGJ,0.44119816469549833
87,509.0,[498.0545181540381 667.5828373368546 841.0833571620924 934.7538195264311],[622.2540893554688 836.207763671875 719.4457397460938 878.2978515625],0.5500000715255737,GX15OGJ,0.5452700348834439
89,509.0,[497.53759035109385 674.2790995249329 843.2065647337018 942.7951150606939],[613.3519287109375 843.1814575195312 712.5505981445312 885.9003295898438],0.5569009184837341,GX15OGJ,0.3649220447015621
90,509.0,[496.39006192714066 676.7738666280384 843.0494171005306 946.2959582378485],[616.00048828125 846.4059448242188 717.925048828125 891.4465942382812],0.5940222144126892,GX15OGJ,0.2687943899565475
91,509.0,[492.34121171752224 680.5692106992989 842.4489094472927 950.3843032841077],[612.3076782226562 846.6828002929688 701.3082885742188 893.9007568359375],0.4934268593788147,CX15OGJ,0.2503947666104448
92,509.0,[489.81766740740295 683.3008068719732 842.5282704395722 953.781690734138],[613.8252563476562 851.054443359375 717.9652099609375 897.3292236328125],0.5257084369659424,CX15OGJ,0.2830103604232838
93,509.0,[488.52347161553075 683.8121756202604 843.0242680248327 954.8276188143061],[612.5494384765625 854.9467163085938 706.5405883789062 896.4512329101562],0.41475456953048706,GX15OGJ,0.5781841519147869
97,509.0,[480.61857808991704 695.5986686269057 840.4166464531972 973.1132664137231],[611.376708984375 870.8287963867188 710.5045166015625 913.8560180664062],0.6413972973823547,GX15OGJ,0.5110309367317045
99,509.0,[477.2140205131807 703.0256605886428 837.9435781666257 981.1003020415502],[598.9830932617188 872.9915771484375 711.0615844726562 918.194091796875],0.5677222609519958,GX15OGJ,0.32087328425281364
100,509.0,[475.61719836670284 705.8129242515189 838.0396969806162 985.7862326954354],[601.0701293945312 882.7278442382812 707.2141723632812 924.208740234375],0.5582213401794434,GX15OGJ,0.24037503834013238
101,509.0,[473.49472512057 709.1514763332148 837.3011120026664 989.7505347505294],[604.5914306640625 886.4954223632812 704.2167358398438 928.4426879882812],0.6101572513580322,GX15OGJ,0.05196953430243288
102,509.0,[473.3319365838217 712.4672776115824 836.7899653046941 993.945244265605],[606.353759765625 893.17822265625 705.1668090820312 928.6426391601562],0.42194685339927673,GY15OCJ,0.8314762779977123
106,509.0,[469.7170031274923 725.2917331531764 835.2501502943596 1009.3897655674657],[596.865966796875 903.8911743164062 696.2631225585938 947.2728881835938],0.5674418210983276,GX15OCJ,0.3924551604439089
107,509.0,[466.6448140037355 729.96199297031 833.2783996255564 1015.6806487648238],[597.7613525390625 909.4400634765625 697.174072265625 951.5698852539062],0.578563928604126,GX15OGJ,0.4741230485721839
108,509.0,[464.70074059785816 731.9268143605887 832.177362909074 1019.7079779652674],[582.1439819335938 908.5631103515625 696.4801025390625 956.364990234375],0.601555347442627,GX15OCJ,0.1999057931068425
109,504.0,[1028.2357606529106 563.4948292918208 1282.5288610662808 787.3110297684462],[1111.0118408203125 699.8146362304688 1212.9437255859375 743.2531127929688],0.44804152846336365,AP05JEO,0.20948373684433746
110,509.0,[462.6598989999259 738.9709629306705 830.7439221026093 1029.3207898903627],[590.8467407226562 919.5458374023438 690.6586303710938 965.613525390625],0.6114621758460999,GY15OGJ,0.787826440420603
113,509.0,[454.9582472184692 749.2621155240081 828.0815438741371 1043.8075908933606],[581.1376342773438 932.9533081054688 690.924560546875 981.4901733398438],0.6012885570526123,GX15UCJ,0.38366380964826174
114,504.0,[1026.2344100057862 569.8345900982453 1288.4810637334344 796.1521286113617],[1111.4952392578125 712.7871704101562 1214.2291259765625 756.4413452148438],0.3659161329269409,AF05JEQ,0.3149338363779238
115,509.0,[449.93398029627684 755.7350127932257 827.4991679087884 1051.5000441009513],[578.6122436523438 941.8348388671875 690.8057250976562 987.3517456054688],0.6287152171134949,GX15OGJ,0.5118235078922997
115,504.0,[1027.2083543814206 571.1044444573581 1290.3886810689764 798.6401067705012],[1113.4461669921875 712.8864135742188 1217.39404296875 755.8532104492188],0.46204641461372375,AF05JEO,0.5211616871991015
116,509.0,[447.2997144747073 759.0506809511306 826.0872713483866 1054.470947479493],[573.4397583007812 943.712646484375 691.4476318359375 992.746826171875],0.5737459659576416,GX15OGJ,0.3017593188677274
119,509.0,[441.247190952907 768.0990700992929 824.9468984309224 1061.536657983322],[572.3751220703125 957.7401733398438 686.9031982421875 1005.192138671875],0.6297038197517395,GY15OCJ,0.21538920197699488
120,504.0,[1025.5354763235198 581.4368012115752 1293.2093123571783 812.6019179171043],[1110.032958984375 721.8856811523438 1217.2020263671875 767.833251953125],0.4394835829734802,AP05JED,0.12022631187932875
121,504.0,[1025.4899272567015 583.6423819856407 1294.4747441773154 815.9594513403522],[1107.392578125 724.3101196289062 1214.84521484375 768.717041015625],0.4883599579334259,AP05JEO,0.31788534938878155
122,504.0,[1023.3227021558093 586.483172143193 1294.4078980052902 818.9031693443663],[1118.4287109375 733.0422973632812 1219.2337646484375 777.8690795898438],0.30876821279525757,AP05JEO,0.7749382474190556
123,509.0,[431.7676369414272 781.2671597054441 822.5225132991824 1075.5787837209334],[567.9034423828125 973.3185424804688 673.62744140625 1018.7545166015625],0.5158494114875793,GY15OGJ,0.2274335642254965
123,504.0,[1020.6940827098526 587.9184186171206 1294.4312589305648 820.6748553043144],[1115.337646484375 732.2044067382812 1214.9296875 775.0686645507812],0.3463333547115326,AF05JEQ,0.3841605933605745
124,509.0,[431.3209673026446 785.0412966322457 823.232867798538 1077.4777535888463],[569.3995971679688 980.163818359375 674.71875 1026.5888671875],0.6233499050140381,GY15OGJ,0.3936066799833565
125,509.0,[428.5759005369963 790.3648504502734 822.6804012933322 1079.0363923246864],[563.5441284179688 986.310791015625 670.0142822265625 1034.928955078125],0.6534601449966431,GY15OGJ,0.42573429683677044
125,504.0,[1023.4713099826969 593.2945880236982 1297.405175669258 825.9207904736329],[1111.2059326171875 733.5748901367188 1223.236328125 779.9161376953125],0.360416978597641,AP05JEO,0.2996920108160754
126,509.0,[426.2837166975345 793.9091793451377 821.907646526321 1078.8533142883707],[561.8508911132812 989.9100952148438 671.1956176757812 1036.2371826171875],0.6199090480804443,GY15OGJ,0.5092442304408953
126,504.0,[1023.2978593648522 594.3228397097149 1298.2077403274575 827.5001558275568],[1111.97705078125 735.7721557617188 1223.1763916015625 778.9216918945312],0.4831973910331726,AP05JEO,0.642605897499283
127,509.0,[423.33659921018096 797.7669448369769 820.5307671637574 1078.7869259602483],[554.5470581054688 991.1427612304688 666.8905029296875 1039.8326416015625],0.5991116762161255,GX15OGJ,0.39265621834905357
127,511.0,[561.3182571828582 548.4861790551143 808.4707220426732 762.9985451682581],[643.1046142578125 671.4955444335938 718.9996948242188 709.7737426757812],0.26950955390930176,VH05ZZL,0.06314828985260576
129,509.0,[418.00020383713877 803.188105036714 819.6595136460328 1077.075908376421],[559.5787353515625 1006.048095703125 660.7758178710938 1049.5045166015625],0.6586655378341675,GY15OGJ,0.5339074555960523
129,536.0,[1122.0790163406682 811.5462041215711 1489.2650239065852 1076.188508074863],[1255.9384765625 992.7227783203125 1364.6046142578125 1043.0087890625],0.492218941450119,LM13VCV,0.1555995697812539
130,509.0,[415.26002604206576 806.6022705664587 818.044754695965 1077.3680209730126],[551.7057495117188 1010.1626586914062 665.3922729492188 1057.530517578125],0.6715292930603027,GX15OGJ,0.5012622828052706
130,536.0,[1122.0193477548532 814.8444936871058 1491.146815586139 1075.804315934618],[1251.75634765625 998.6006469726562 1365.175537109375 1047.0924072265625],0.37750983238220215,LN13VCY,0.401610663102258
131,509.0,[416.11049041900236 811.6490544755128 818.0800728775241 1078.6044172997217],[547.6362915039062 1013.2664794921875 667.0153198242188 1063.01513671875],0.6782575249671936,GX15OGJ,0.3293869658873674
131,536.0,[1122.0852083502023 817.7622673289333 1490.7575255569518 1076.053262098053],[1254.281005859375 1005.9830932617188 1368.40576171875 1054.457275390625],0.6729395389556885,LN13VCV,0.19566446769886672
131,504.0,[1024.0357100095457 603.2228062995716 1300.9520031700704 840.4716986780656],[1114.902099609375 745.9359741210938 1224.42333984375 791.5277709960938],0.45800215005874634,AP05JEO,0.45310482112812756
132,509.0,[414.47028401924246 814.880502776538 815.0565238007357 1079.415244818806],[543.152587890625 1014.9563598632812 661.9797973632812 1061.189697265625],0.6628580689430237,GX15OGJ,0.3590219579225754
132,536.0,[1122.197249053582 821.3752994524998 1491.6989062725863 1076.5141545985061],[1257.473876953125 1004.9453125 1371.264404296875 1057.2471923828125],0.6521995663642883,LH13VCV,0.11947812137870803
132,504.0,[1024.6182540475295 604.3139309597652 1302.5467229256244 841.6253513217371],[1139.466796875 749.7698974609375 1231.3634033203125 791.5611572265625],0.33134400844573975,AP05JEO,0.40598168370155474
134,536.0,[1122.0279323495952 830.0500651944928 1494.169478671859 1079.844833284454],[1258.076416015625 1017.1928100585938 1371.9302978515625 1068.0985107421875],0.6480814814567566,LM13VCV,0.16548327115108138
134,504.0,[1022.0377207962925 607.5175422749177 1303.242142122076 845.662002955568],[1129.3714599609375 754.8955078125 1233.130126953125 799.1788330078125],0.44924691319465637,AP05JED,0.28372109591858513
135,509.0,[404.853105402822 826.586582945602 808.5048304022243 1081.5683078345633],[542.9192504882812 1034.236328125 660.5106811523438 1080.0],0.6689814925193787,GX15OGJ,0.19070674890047884
136,504.0,[1022.0439796584309 611.3581519810069 1306.8473539642157 850.3993875780596],[1125.0294189453125 758.7469482421875 1233.0806884765625 807.8646240234375],0.634967029094696,AP05JEO,0.7088934777740237
136,536.0,[1124.9830819288964 837.3197031498789 1497.5970154090587 1080.7293130240935],[1261.1044921875 1026.27001953125 1375.768798828125 1077.6094970703125],0.6078454852104187,LM13VCV,0.2838657759906448
136,509.0,[402.14956951324535 830.4981430126529 807.9108545899662 1082.3824476080865],[533.9509887695312 1037.5206298828125 648.8509521484375 1080.0],0.497897744178772,GX15FGJ,0.16192663931158374
137,536.0,[1126.0552246010138 841.5092469140188 1497.5825666929832 1081.6855996587863],[1262.1324462890625 1029.40771484375 1376.8363037109375 1080.0],0.6516261696815491,LN13VCV,0.4261057202434706
137,504.0,[1023.6201317714319 614.2666683108139 1308.4719806690543 853.558476275535],[1118.6798095703125 763.6428833007812 1232.1361083984375 803.6468505859375],0.5753414034843445,AP05JEQ,0.5269697792969888
138,536.0,[1127.1999739957457 844.8890089448603 1498.430220315716 1082.0601771595675],[1257.0611572265625 1029.7152099609375 1375.6221923828125 1080.0],0.49649742245674133,LM13VCV,0.5344982622986039
139,504.0,[1025.5241424693165 616.5916176995287 1311.916018021859 858.1275222787264],[1134.24169921875 768.8146362304688 1232.6412353515625 806.1491088867188],0.3834274113178253,AP05JEQ,0.3748135507980677
140,504.0,[1024.719078898033 618.7300302332499 1312.514559385135 862.0259511661422],[1127.052001953125 767.7192993164062 1229.3653564453125 810.7056884765625],0.28038763999938965,AP05JEO,0.2662185908093057
142,504.0,[1022.93384618092 621.3052202778879 1314.353427412361 868.0826358352167],[1119.1099853515625 768.9992065429688 1228.4151611328125 812.3380737304688],0.5436049699783325,AP05JEO,0.4671288323699487
143,511.0,[537.3622262504065 572.7710777390417 794.8446728361197 794.7537645639626],[622.5906372070312 703.5608520507812 703.3811645507812 743.8766479492188],0.4664284884929657,KK05ZZK,0.3013081909847304
144,504.0,[1023.625801658451 626.1090503377934 1317.8692310490126 875.2396180994422],[1134.3812255859375 777.7161254882812 1235.326171875 822.2708129882812],0.43577826023101807,AP05JEO,0.858584131541695
145,511.0,[535.9124951505144 576.816600065727 793.4218534362672 799.934625614726],[617.6891479492188 706.7455444335938 700.3126831054688 753.4776000976562],0.5377609729766846,KK05ZZK,0.10681391179984644
145,504.0,[1024.5387102437342 628.4955881454798 1319.1382658683854 878.6005975538101],[1121.767333984375 780.7472534179688 1217.6143798828125 822.1140747070312],0.3382030725479126,AP05JEO,0.1550830079279655
146,511.0,[534.1708072057606 579.1971208923055 792.353247767056 803.8664716944679],[616.5947265625 707.97802734375 701.329833984375 755.9243774414062],0.5397841334342957,KH05ZZK,0.27609876039502695
146,504.0,[1025.6055028616695 630.6963585085246 1320.575459563576 882.411675988086],[1126.586181640625 784.2445678710938 1239.021728515625 830.5501098632812],0.5161365866661072,AP05JED,0.2849600290980942
147,511.0,[530.9926893008452 580.5080553784567 791.2397783818088 805.9258424671314],[615.016357421875 707.679443359375 700.0086059570312 755.0205688476562],0.5133185982704163,KK05ZZK,0.1483411811477711
148,504.0,[1025.6694157863506 634.3679755155733 1323.430216946361 888.6526541803057],[1129.7757568359375 792.5211791992188 1217.5185546875 831.571533203125],0.4182264804840088,AP05JEQ,0.6940218585969126
149,511.0,[530.1445314157511 583.6302175023666 791.5085418783672 810.370388152176],[613.4520263671875 713.1985473632812 695.6544189453125 756.3220825195312],0.4752345383167267,KK05ZIK,0.5322749892863425
149,504.0,[1026.8655522752897 636.7868837498197 1327.1527695303857 892.7076133456942],[1134.428955078125 792.4055786132812 1228.0628662109375 829.9954833984375],0.38536491990089417,AP05JEO,0.2019035642245233
150,511.0,[528.5556661652098 585.3634790919343 791.0102705689488 811.5833575278193],[611.9989624023438 715.2660522460938 693.3642578125 756.1168823242188],0.4470458924770355,KR05ZZK,0.17031545987356372
150,504.0,[1027.0717286757476 637.8728000171424 1329.5753573103416 894.9000558580423],[1127.26220703125 791.9031372070312 1237.4429931640625 833.6460571289062],0.3729037344455719,AP05JEO,0.5988037134010105
151,504.0,[1023.9696464113251 640.0450817766473 1328.955553534495 896.9038911049477],[1126.92822265625 793.0321655273438 1240.5499267578125 837.6879272460938],0.4908648729324341,AP05JED,0.1234955123426287
152,504.0,[1024.0916467542918 642.3109891255473 1329.1081898925534 900.2802089213002],[1127.0980224609375 795.3623657226562 1237.9031982421875 844.6561889648438],0.40773817896842957,AP05JEO,0.338785670275535
153,504.0,[1023.8047812188993 643.0955881184075 1331.433615582941 901.8698613891174],[1133.30615234375 800.3245239257812 1246.208251953125 849.7977905273438],0.434306800365448,AP05JEO,0.8428130607027138
153,511.0,[525.0492958580056 589.5450678477799 788.9479853370302 816.9441215505484],[604.5175170898438 720.4683837890625 694.852783203125 764.564208984375],0.3508986830711365,KK05ZZK,0.1267239387221624
154,504.0,[1024.8019341427953 645.3053928400911 1335.5238887534774 904.6352182273977],[1133.488037109375 803.8090209960938 1241.3638916015625 847.7964477539062],0.4498206377029419,AP05JEO,0.6368356189694854
154,511.0,[523.836462594438 590.9457668966394 788.0706573042382 819.205937085651],[606.942138671875 725.5147705078125 694.7853393554688 770.7189331054688],0.42281875014305115,KK05ZZK,0.24329311638649231
155,504.0,[1025.581983552184 650.163804946815 1335.8105244946526 909.579208417888],[1139.0709228515625 807.331787109375 1248.95654296875 850.9127197265625],0.41496479511260986,AP05JED,0.37118761873434086
156,504.0,[1022.1826282647123 651.0838695759071 1333.5100786204628 911.1492857071601],[1133.8580322265625 809.7171020507812 1248.3399658203125 850.23193359375],0.5051225423812866,AP05JEO,0.26660198250538836
157,504.0,[1021.7091302701139 653.2538604820014 1333.9241124864038 913.7877099162873],[1141.3365478515625 816.2646484375 1249.6500244140625 853.293701171875],0.30783534049987793,AP05JEO,0.18399844977867338
158,511.0,[517.3748263978775 595.463466614926 784.9719517462074 829.6571503769018],[604.05419921875 735.7135620117188 693.4622192382812 778.9667358398438],0.3896122872829437,RH05ZTK,0.28902283510302984
158,504.0,[1021.6653799226825 655.0926299723614 1334.6601549205911 916.4661295852706],[1142.3360595703125 819.5499267578125 1239.17431640625 854.9700317382812],0.33650776743888855,AP05JEO,0.36418107129141786
159,511.0,[517.1074362818905 596.4707761172001 784.8888962652076 831.8769022452987],[602.7733764648438 735.683349609375 692.2127075195312 779.6480712890625],0.44851166009902954,XH05ZZX,0.06410705557294087
162,511.0,[513.2896335422264 602.5457038849595 784.1034929562478 838.1051650586032],[602.6306762695312 742.4218139648438 690.66796875 788.1524047851562],0.5053831338882446,KH05ZZK,0.12674422777983366
162,504.0,[1028.0102838946082 664.701066557722 1340.0328373314533 929.4375170851297],[1136.1185302734375 826.5933837890625 1245.2120361328125 871.16748046875],0.38555264472961426,AP05JED,0.5409529453433384
163,504.0,[1029.7756417997625 666.6656271616855 1341.3524398627833 933.0097944624458],[1139.586669921875 830.2777099609375 1247.7313232421875 876.0158081054688],0.5211144685745239,AP05JEQ,0.4477410345826446
164,504.0,[1032.8476544589007 669.1666924432297 1342.7073055254755 937.4386075562866],[1138.7850341796875 833.8798828125 1258.009765625 875.8787841796875],0.5371536612510681,AP05JEO,0.44606760935681944
165,511.0,[509.2268881356837 610.8899449103777 783.7184585935362 847.4547586827979],[601.6259765625 751.7127685546875 687.9072875976562 796.4571533203125],0.5454093217849731,XH05ZIK,0.21951707508444707
165,504.0,[1031.3428861294315 671.7047979207507 1341.5325439153894 941.1720428161432],[1141.362060546875 839.0687255859375 1240.754638671875 876.6767578125],0.357843816280365,AP05JED,0.15295552430328838
166,504.0,[1030.1102147925067 674.6163160365975 1341.8751335046818 944.640033394167],[1152.3131103515625 838.777587890625 1263.20849609375 880.9376220703125],0.379574716091156,AP05JEO,0.7438977040166184
169,504.0,[1039.7095925053704 680.1215704119286 1349.0866997362746 950.6093709899628],[1141.7169189453125 849.6421508789062 1250.440185546875 893.36279296875],0.522234320640564,AP05JEO,0.5116348945198848
169,511.0,[504.16249509060316 621.3456541918397 781.6156165328814 859.9954174732616],[597.2847290039062 757.5128173828125 685.6741943359375 803.646240234375],0.4747218191623688,KN05ZIX,0.4200018373181346
170,504.0,[1039.3117215206648 684.7022176837849 1349.4462456406459 955.84970326218],[1146.10107421875 853.7823486328125 1257.456298828125 896.663818359375],0.4437403678894043,AP25JED,0.4647298804516775
171,504.0,[1037.060122496861 687.2158002571342 1350.3814393575908 958.9521862848077],[1146.3265380859375 852.6513061523438 1264.974609375 899.7496948242188],0.5794073939323425,AP05JEO,0.4749712796828793
172,511.0,[502.6550348598645 628.6842704775422 781.0521530631235 865.1973370834053],[593.9141845703125 765.9744873046875 683.74951171875 810.6763916015625],0.5473510026931763,IK05ZZX,0.027377157101725
172,504.0,[1040.0472584101558 689.4200108916211 1353.2007412121743 962.0435018378812],[1146.34716796875 860.7346801757812 1259.4305419921875 902.2935791015625],0.4924609363079071,AP05JEO,0.33399570981376814
173,511.0,[501.2726187256577 631.386469850288 780.3867982524929 867.9635589036047],[592.6957397460938 770.2520751953125 684.9570922851562 816.2348022460938],0.5802144408226013,XN05ZZX,0.29234476166068163
173,504.0,[1042.2329214328413 692.7280226997983 1354.8892890479563 965.5914143335239],[1151.3079833984375 865.8403930664062 1269.8841552734375 908.074951171875],0.4025850296020508,AF05JEO,0.8495931910920637
174,504.0,[1041.6095201386117 696.3346406153878 1354.8733496604816 969.2513165197865],[1145.136962890625 866.0150756835938 1238.75439453125 905.5548706054688],0.39780402183532715,AP05JEC,0.7613524310260225
175,504.0,[1041.222561542209 699.9254516441936 1355.0408642442512 973.1758995807227],[1141.5655517578125 867.8596801757812 1244.147216796875 909.5066528320312],0.5486831665039062,AF05JED,0.27443595059299974
176,511.0,[499.02165489091567 638.5127155876229 778.7021481322515 875.1886266286443],[590.406494140625 779.763427734375 681.5457763671875 825.280517578125],0.5424257516860962,KN05ZTR,0.1010735506002043
176,504.0,[1044.0689069471312 703.3556202730244 1358.4445366475904 977.0872815640435],[1145.915771484375 870.4616088867188 1258.6705322265625 919.0911254882812],0.5225680470466614,AP05JEO,0.5575198458446504
178,504.0,[1045.2186819649585 707.9600920798058 1364.2919407702755 983.7527747977994],[1147.660400390625 878.946533203125 1275.7210693359375 924.251220703125],0.4140564799308777,AP05JED,0.15596084548492467
179,504.0,[1046.2970058989806 710.83268359011 1366.052913261159 988.2694563207153],[1150.661376953125 882.446044921875 1259.4110107421875 925.5325927734375],0.5254359841346741,AP05JEO,0.7108571402632724
180,511.0,[493.0604908453769 644.0897529492854 773.6434729445078 887.0814906809492],[586.861083984375 790.1171264648438 675.8440551757812 831.7095336914062],0.5494738817214966,KH05ZZK,0.20314025003979674
180,504.0,[1047.06837124799 713.3579901139643 1366.9767940061283 992.3723270652912],[1156.8782958984375 887.87255859375 1270.2591552734375 930.2838134765625],0.5397933721542358,AP05JEO,0.2138719890381422
181,511.0,[492.3380383330149 647.6280138719698 773.0343855042028 891.0298143947595],[583.2675170898438 790.86474609375 675.4955444335938 837.3001098632812],0.6240881681442261,RH05ZZN,0.1738556294039455
181,504.0,[1046.5489937784732 714.4008201848844 1369.5281652496901 994.6931460783803],[1174.24072265625 889.1083374023438 1285.35498046875 931.8784790039062],0.2919395864009857,AP05JED,0.8113306036107064
182,504.0,[1044.8709241999645 716.9655774710177 1373.458386714141 998.0132298970541],[1150.1214599609375 892.0224609375 1257.6160888671875 934.263427734375],0.5168881416320801,AP05JEO,0.3038063842424979
183,511.0,[488.51223518859786 652.5969868389686 768.8367386953727 897.5390033875344],[586.44189453125 797.2802124023438 675.8221435546875 842.5014038085938],0.6159253120422363,RH05ZZK,0.07400239450368172
183,504.0,[1045.5187410353135 719.5302953977304 1376.4174709467577 1000.7216543541734],[1152.4169921875 889.4243774414062 1271.007568359375 938.2113647460938],0.6044145822525024,AP05JED,0.9666487205214447
184,511.0,[488.1848776162785 653.9633703455876 768.4216723299262 900.0493755129902],[578.8465576171875 802.8257446289062 671.6715087890625 848.9657592773438],0.6095370054244995,RH05ZZX,0.0979852169164381
184,504.0,[1045.6560053296544 723.0615209863631 1378.9413194380877 1005.1339041451004],[1160.70556640625 899.5133666992188 1275.5050048828125 946.07470703125],0.5977602601051331,AP05JED,0.47495951749732557
185,504.0,[1045.8568493141659 726.8233337374305 1382.2381133556958 1010.2041310255976],[1152.6429443359375 900.8622436523438 1280.50146484375 948.075439453125],0.5619219541549683,AP05JEO,0.525424406928648
186,511.0,[484.11135724732526 658.1739086705069 766.4126088163584 907.2620381909366],[578.0777587890625 806.2169189453125 670.7179565429688 852.581787109375],0.5830957293510437,QH05IZK,0.036333191384217076
187,511.0,[481.3749493908159 660.3567487831988 765.7242061742792 910.8900792106392],[576.359619140625 808.3233032226562 671.1432495117188 852.7644653320312],0.5966162085533142,MH05ZZK,0.25586641943412763
188,511.0,[479.06296168144354 664.3210913332117 766.607178943671 915.2536686305747],[576.5004272460938 815.2379150390625 669.9182739257812 858.3687744140625],0.6053475737571716,KH05ZZK,0.3565495403500973
188,504.0,[1045.558412361874 737.4772364917483 1385.0859487866894 1022.9709371656593],[1160.5931396484375 914.9710693359375 1270.528564453125 956.8857421875],0.59287029504776,AP05JEO,0.5308912103070297
189,511.0,[477.14787850691926 666.7997278497425 766.5081556806527 918.2785584756399],[574.3130493164062 814.4425659179688 670.8052368164062 858.735595703125],0.6121347546577454,KH03ZZK,0.2243768694661591
190,504.0,[1043.561733616011 743.7909878457699 1385.589298891248 1030.9427267561186],[1160.18408203125 917.8224487304688 1275.5010986328125 966.8335571289062],0.612126350402832,AP05JEO,0.600188568359028
190,511.0,[475.6347634269063 670.1120534669578 766.4779461687665 922.665648949238],[572.4354858398438 820.8433227539062 663.907470703125 864.907470703125],0.6017473936080933,KH05ZZK,0.16552269807327505
191,511.0,[472.3478861236272 672.7983310642771 764.8542694955158 925.6336267495792],[574.1309204101562 823.4366455078125 664.621826171875 867.58447265625],0.6228026151657104,RH05ZZK,0.05240059347407478
191,504.0,[1043.6795804106916 748.118566003646 1386.9200795116387 1035.7430468355956],[1163.2596435546875 930.9276123046875 1280.7020263671875 971.3671875],0.5253580212593079,AP05JEO,0.30961703503033705
192,504.0,[1045.117030182097 751.0004562946395 1387.8621641733157 1039.4020272185448],[1164.042236328125 929.0299072265625 1281.1436767578125 971.1558837890625],0.47725826501846313,AP05JEQ,0.43665818348297625
193,504.0,[1044.7618764201438 753.169739010058 1389.842028873346 1042.5696621269753],[1169.8388671875 935.6445922851562 1288.5728759765625 979.0907592773438],0.5925449728965759,AP05JEO,0.28758422088389674
193,511.0,[470.0207497495794 676.4808154422643 764.2176130056823 930.3518045163152],[568.1115112304688 826.8775634765625 665.2738647460938 874.3846435546875],0.5916125178337097,KH05ZZK,0.4233070299303981
194,504.0,[1046.8020863284025 756.0285284499548 1392.5423067840145 1046.1720009924907],[1169.5513916015625 937.525634765625 1288.995849609375 979.904296875],0.635909914970398,AP05JEO,0.8546453117971121
195,504.0,[1046.6162302042565 758.613757715373 1392.3990970364637 1048.9755073760389],[1166.29833984375 937.8978881835938 1289.2286376953125 984.8003540039062],0.6452388763427734,AP05JED,0.5868628794898332
196,504.0,[1047.2819201161542 761.4141542028711 1395.4405974730998 1053.012844890587],[1185.631103515625 947.9622802734375 1304.973388671875 995.6942138671875],0.4663725197315216,AP05JEO,0.3968650065165677
197,504.0,[1048.365715620433 765.00151479346 1400.9458592958476 1058.0655654084571],[1181.813232421875 955.0914916992188 1305.3509521484375 993.8681030273438],0.4537731409072876,AP05JEQ,0.4716313902343724
198,511.0,[465.35829247869924 688.9793634467158 763.4193607669013 947.9601691735659],[560.3452758789062 845.6929321289062 655.1744995117188 888.1045532226562],0.6031774878501892,RH05ZZK,0.5370789940585413
198,504.0,[1050.0438175509464 767.7693512084895 1405.3909438879962 1061.4236721907646],[1167.9261474609375 955.3216552734375 1297.80908203125 996.945556640625],0.5610188245773315,AP05JEQ,0.5649756920837548
199,504.0,[1050.3439954422881 770.5995489830348 1408.7345834322516 1065.3371511356681],[1172.1435546875 957.0120849609375 1276.2679443359375 997.924072265625],0.4946978986263275,AP05JEO,0.5894656827335224
200,511.0,[461.2372578985978 696.3004271364484 761.63842446441 956.811235314663],[554.2701416015625 851.3936157226562 651.452392578125 897.7654418945312],0.645793080329895,KR05ZZK,0.7278582461129098
200,504.0,[1050.31109512256 773.7286071761123 1409.3809433630227 1068.8173770589806],[1170.216064453125 961.7905883789062 1284.9796142578125 1002.8783569335938],0.5771369338035583,AP05JEO,0.523258617185632
201,511.0,[458.81293364613964 698.8533064169432 760.3199219371803 959.766785883966],[553.4780883789062 852.20361328125 650.6906127929688 899.7053833007812],0.6488977670669556,KH05ZZK,0.8147188026236811
201,504.0,[1051.625366234893 776.050699767937 1411.8445638031046 1071.091111548444],[1170.27978515625 965.3168334960938 1291.188720703125 1005.5370483398438],0.5089057683944702,KP05JEO,0.33313890905866017
202,511.0,[457.1640916873224 701.9193295318967 759.5756555577888 963.4809266798964],[555.4400634765625 857.44189453125 648.5836181640625 900.9591064453125],0.607405960559845,KR05ZZK,0.3468214947945684
202,504.0,[1051.7265148384163 779.6109903541638 1415.1464667863556 1073.5238393639497],[1181.0838623046875 967.090576171875 1303.596435546875 1016.9505615234375],0.5847219824790955,AP05JEQ,0.4623896228133271
203,504.0,[1051.5483152895158 782.4633946134965 1417.5895915695014 1075.3698914739198],[1169.309326171875 971.9575805664062 1299.171875 1019.822265625],0.5282486081123352,AP05JED,0.15846200296798515
204,511.0,[450.69416456721336 707.1068420608661 758.108700897837 970.1959229271466],[549.9153442382812 864.7522583007812 646.6408081054688 907.640869140625],0.6387599110603333,KH05ZZK,0.5712050817931351
204,504.0,[1053.821702095116 785.2341565366027 1420.4754140815508 1076.7920517314883],[1179.3939208984375 980.0017700195312 1301.0244140625 1022.1764526367188],0.5621086359024048,AP05JEO,0.2597331673010702
205,511.0,[445.599624216154 709.0294711365641 756.4223384824769 972.5446870441385],[548.9758911132812 865.55859375 645.8179931640625 910.9068603515625],0.6302250623703003,KH05ZZR,0.35421590499562167
205,504.0,[1052.1850350446948 789.1940834972609 1421.0798892715707 1078.436519401529],[1185.2955322265625 984.6970825195312 1313.34716796875 1029.2938232421875],0.5969898700714111,AP05JEO,0.21543093986442083
206,504.0,[1051.910523678603 792.5489305897819 1424.131750735166 1078.8565393641586],[1189.5145263671875 987.4969482421875 1293.044677734375 1029.0062255859375],0.6102801561355591,AP05JEO,0.4380868449784483
207,504.0,[1050.7515581584628 795.4688582862252 1425.8002787887815 1078.7681091783538],[1192.08642578125 992.2532958984375 1318.852294921875 1038.3731689453125],0.3364950716495514,AP05JEO,0.36914077899481884
208,504.0,[1054.8118936302785 797.5814525390782 1429.8961289201898 1077.7475622218813],[1186.534912109375 996.088623046875 1324.2550048828125 1045.382568359375],0.3994929790496826,AP05JEO,0.26323901931374294
208,511.0,[438.2877062853221 715.89323433251 754.4390119122305 983.4484278154539],[540.3442993164062 874.5504150390625 641.7405395507812 923.081787109375],0.6081132292747498,KH05ZZK,0.2585854534154947
209,504.0,[1054.5169292938986 800.5129197968079 1431.645666221336 1077.0115841424536],[1184.9923095703125 1003.7100219726562 1317.595947265625 1050.530029296875],0.6287182569503784,AP05JED,0.24235267167663901
210,504.0,[1055.1717857966582 803.7337480924427 1433.1135406813346 1075.5677583319743],[1193.9110107421875 1002.9876708984375 1325.239013671875 1050.0689697265625],0.6303372383117676,AP05JEO,0.32278033266922473
211,511.0,[435.3183847624803 724.5193279175533 752.3604897761229 997.5244130364069],[535.7807006835938 887.3786010742188 637.719970703125 934.3685913085938],0.6775317192077637,KR05ZZK,0.42535037347638227
211,504.0,[1054.609587949268 806.4316989327609 1431.95924234352 1076.947847659574],[1189.28515625 1008.2971801757812 1324.646240234375 1051.7242431640625],0.5381200909614563,AP05JEO,0.5296059996562418
212,511.0,[430.41193590745 726.8279121416199 750.439447492429 1000.8260025790962],[534.8065795898438 892.9352416992188 635.250732421875 938.2846069335938],0.6741433143615723,KN05ZZK,0.12903940884580273
212,504.0,[1056.2172574518054 810.6766129137295 1434.3137011178878 1078.194907848662],[1190.9688720703125 1009.7308959960938 1310.926025390625 1056.9481201171875],0.6177142858505249,AP05JEO,0.8414760197778359
213,511.0,[427.98942500357145 729.3463658607554 750.6743137841501 1003.886755375097],[527.9491577148438 891.784423828125 635.8612670898438 941.2906494140625],0.6479460000991821,KR05ZZK,0.10161700507932647
213,504.0,[1056.9059644202125 813.9071698463213 1433.8422970052052 1078.980078034261],[1191.1546630859375 1013.688232421875 1325.1357421875 1061.7669677734375],0.6282230019569397,AP05JEO,0.30723181275062417
214,504.0,[1055.630673104617 817.3971727053577 1431.926428157135 1079.882789568135],[1192.7156982421875 1016.9661254882812 1322.3565673828125 1065.978271484375],0.5179421901702881,AP05JEO,0.3480082401881093
215,511.0,[423.84167320342726 736.4549782533337 748.2349528180782 1013.0755312453256],[525.631591796875 903.4332275390625 625.6388549804688 951.541259765625],0.6303399801254272,KK05ZZK,0.2187810571735058
215,504.0,[1056.0575726409222 821.5228672611825 1432.0591522786701 1079.949695704099],[1190.217041015625 1026.5849609375 1335.591796875 1070.5474853515625],0.6207295060157776,AP05JEO,0.6053914867119211
216,504.0,[1055.9565363294603 824.7155403684086 1432.0976371674612 1079.4810103141854],[1187.9906005859375 1027.0096435546875 1334.6099853515625 1075.7652587890625],0.6653430461883545,AP05JEO,0.3266013894322198
217,511.0,[417.6132021137346 744.1129675853446 744.0280881277808 1022.7691318661545],[526.0790405273438 911.9382934570312 624.774169921875 957.0029296875],0.6394787430763245,KH05ZZK,0.5955651873424884
217,504.0,[1060.641192450152 828.441617436279 1435.9899251284176 1079.3278056900642],[1188.225341796875 1035.5333251953125 1325.697265625 1077.9390869140625],0.6188453435897827,AP05JEO,0.38668204853276494
218,-1,[-1 -1 -1 -1],[1179.23583984375 1037.27490234375 1336.801025390625 1080.0],0.3046264052391052,AP05JEO,0.38426327626689194
221,511.0,[411.0624691522146 758.3823293821673 740.4107830866546 1037.647837205277],[513.7284545898438 925.339599609375 620.1984252929688 973.740966796875],0.5814273357391357,KM05ZZK,0.26474224976469407
222,511.0,[409.69423297655396 760.7281139991414 738.7528412696803 1041.0577977729447],[514.010986328125 929.54736328125 617.7363891601562 975.750732421875],0.62957763671875,KH05ZZK,0.2065915429139379
224,511.0,[403.72378464006465 767.0044176441648 734.2352857695805 1049.3786968796026],[504.7909240722656 937.7710571289062 615.741455078125 986.8960571289062],0.6520701050758362,KN05ZZK,0.10498552820954186
231,511.0,[385.21007043997764 788.1434384393842 724.6375680895371 1075.2785093684984],[497.64111328125 963.2656860351562 603.3336791992188 1013.3589477539062],0.6815280318260193,KN05ZZR,0.292853769609018
232,511.0,[384.068609215993 791.3940183240533 722.8585339907403 1076.5905771764637],[494.3946533203125 968.0985717773438 601.5986938476562 1018.4827880859375],0.6700441241264343,KH05ZZK,0.13647238342357043
233,511.0,[379.52326054558176 794.2021047565491 721.6276014376283 1076.4312354053477],[490.7194519042969 972.8990478515625 602.7440795898438 1023.5614013671875],0.6584226489067078,KH05ZZK,0.3425682479651566
234,511.0,[375.17356164004184 796.9083816101947 722.7295857455944 1076.8294405607887],[490.9296569824219 976.5501708984375 600.0062866210938 1026.2669677734375],0.6758469939231873,KM05ZZK,0.46759841796167073
235,511.0,[373.7843381991879 800.6747508994088 721.9529102756328 1077.6468420878361],[489.109130859375 982.3317260742188 598.7471923828125 1031.2735595703125],0.6897847652435303,RH05ZZK,0.35429849269278246
236,511.0,[374.65382457853093 804.6867659584746 720.8704482486421 1078.5372905501697],[485.1698913574219 984.9387817382812 596.2489624023438 1037.2318115234375],0.7003359794616699,RH05ZZK,0.26061760892449554
237,511.0,[372.6562389647329 807.0265916781368 719.6352332634171 1078.1279986311733],[482.7886047363281 987.9234008789062 592.3475341796875 1039.3236083984375],0.7079985737800598,KH05ZZK,0.23783617929089956
238,511.0,[371.09671381197563 809.0877122002742 721.0638054586361 1077.5853511956582],[480.63275146484375 992.49169921875 594.9044799804688 1044.5284423828125],0.6813574433326721,RN05ZZK,0.42651427329339714
248,831.0,[1157.3886473296554 555.8073788348829 1427.4667962731708 776.1119694201352],[1264.8319091796875 696.5974731445312 1329.2095947265625 733.827392578125],0.35613206028938293,EY61RBC,0.18181964592070862
261,831.0,[1165.749212488359 579.0046807139913 1443.1910749347514 817.7191982606632],[1273.8907470703125 714.5081176757812 1340.361328125 761.0403442382812],0.33144739270210266,EY61NBC,0.08066688898972282
264,831.0,[1166.6945071565601 586.5503167589617 1448.615890221461 828.0602251439478],[1276.6131591796875 723.9287719726562 1344.3272705078125 774.7108764648438],0.3072200119495392,EY61MBG,0.3205576238184178
268,831.0,[1167.951705969174 595.6538120303061 1456.574999888215 846.4630392692585],[1282.31494140625 717.1817626953125 1348.84130859375 774.5337524414062],0.2823711335659027,ET61RBG,0.21429887568478945
269,831.0,[1166.8779578931274 597.1443419430032 1454.284151537682 851.4022580486542],[1277.6771240234375 742.2916259765625 1354.085205078125 784.5703125],0.3209672272205353,EY61RBG,0.2409959895890734
270,831.0,[1167.417972633121 597.157791898826 1454.239296568331 852.4564308638428],[1279.7960205078125 742.8477783203125 1356.8939208984375 785.9993286132812],0.35592880845069885,EY61NBG,0.11553356400315488
271,518.0,[459.6615767239723 741.2111724043588 776.5784316742047 1029.9640776296762],[566.0062866210938 935.877685546875 660.0626220703125 979.121337890625],0.31489890813827515,FJ14ZHY,0.2194890393809849
272,518.0,[457.2015118152349 746.1679209747791 774.4520726841472 1035.9758496576014],[564.0595703125 931.7459716796875 661.5601196289062 982.5115966796875],0.6995644569396973,FJ14ZHY,0.40187778184092426
272,831.0,[1168.1189230223583 602.1403714786992 1458.0993877470603 860.6415350497838],[1283.2410888671875 739.736572265625 1347.109375 781.629638671875],0.27403524518013,EY61NBC,0.32779713647593145
273,831.0,[1170.0150485838644 602.4112603223318 1462.9908010595673 861.8421045812202],[1286.3756103515625 738.33984375 1352.2415771484375 783.64892578125],0.26496219635009766,EY61NBG,0.22307802390601042
274,518.0,[449.5734340463391 752.4303387941752 771.6689822749522 1043.1317422672798],[556.2838134765625 935.8357543945312 657.4393310546875 985.1779174804688],0.6745143532752991,IF34ZHY,0.1673326158649896
274,831.0,[1170.8687430332661 604.6800231473557 1466.8571010983 865.5830691213072],[1286.0299072265625 727.3938598632812 1353.4090576171875 795.1959838867188],0.34457290172576904,EY61NBG,0.3112227331540472
275,518.0,[448.957812236563 758.1734853048436 771.659947050085 1047.9261131315347],[550.95654296875 940.540283203125 657.64697265625 990.472412109375],0.6543642282485962,FJ14ZHY,0.5705294230013727
277,831.0,[1170.0942810175193 610.1082211551147 1464.0429337950177 870.9421305585417],[1282.3245849609375 744.9857177734375 1360.968017578125 801.7786254882812],0.4574982821941376,EY61NEG,0.32986531384199635
279,518.0,[439.3145473892296 770.3960881518826 766.5606946831849 1060.9046123018757],[550.6800537109375 956.0817260742188 651.7610473632812 1007.4146118164062],0.6963759660720825,FJ14ZHY,0.35186476932118244
279,831.0,[1171.7359245545676 615.1610808810914 1469.3633982225365 875.0980111753644],[1282.774169921875 754.560302734375 1363.2315673828125 804.6319580078125],0.44986459612846375,EY61NUG,0.18232964836816273
281,518.0,[431.4752991374513 776.7011885738622 764.2816590616168 1070.7378905938713],[547.1990356445312 964.4269409179688 648.0440063476562 1014.4978637695312],0.6867585778236389,FJ14ZHY,0.46840104488580225
281,831.0,[1171.7385892797404 618.4362841407631 1472.2964545931443 880.6871628481331],[1282.634521484375 768.6637573242188 1361.0450439453125 809.4047241210938],0.5225511789321899,EV61NBC,0.5246241730545811
284,518.0,[425.05676489260827 783.9217211810055 762.5644415467914 1077.2062788266626],[538.7864990234375 978.46875 646.564208984375 1028.9769287109375],0.6983526349067688,FJ14ZHY,0.3346298642661958
285,831.0,[1173.5130065885871 624.1452640015236 1482.2726522119349 891.1663380185228],[1289.780029296875 779.3410034179688 1368.345458984375 823.5516357421875],0.5097214579582214,EY61NUG,0.10619716202726955
286,518.0,[423.6978763538807 788.7216083401183 762.0833756666646 1077.2928700208015],[538.229248046875 985.4091796875 640.2810668945312 1035.906005859375],0.7146599888801575,FJ14ZHY,0.298304073379942
286,831.0,[1172.975304820753 625.7564703440539 1482.9468376452555 894.0909451543234],[1287.3233642578125 766.9462280273438 1369.8951416015625 824.7826538085938],0.5648906826972961,EY61NEG,0.12387459509140081
288,518.0,[420.20198003556686 794.5790026461493 761.9262568722176 1077.651893002438],[534.2437133789062 994.4015502929688 642.9929809570312 1046.68212890625],0.6985129714012146,FJ14ZHY,0.4011715452862224
289,518.0,[422.33645240000055 798.1895532952171 761.6275226731486 1077.0185728596807],[532.8939208984375 1000.1004638671875 639.2337036132812 1048.9033203125],0.7066315412521362,FJ14ZHY,0.35461081549191137
289,831.0,[1173.3831152879661 632.9252800801717 1483.8060943311525 904.2765453744664],[1287.9884033203125 783.5982055664062 1369.9552001953125 830.82275390625],0.4758538007736206,EY61NEG,0.4665717331076166
290,831.0,[1174.5317494901833 636.0944071840935 1486.3960373946438 907.8672724397562],[1289.7322998046875 792.7071533203125 1367.5858154296875 833.6070556640625],0.5835972428321838,EY61NBG,0.671323200876946
292,518.0,[410.4330371438376 809.1200581139728 756.153671302363 1076.777619507852],[526.665771484375 1010.0592041015625 634.2881469726562 1061.1273193359375],0.7255582809448242,FJ16ZHY,0.2777923721724793
292,831.0,[1173.9472219617655 638.1859734290081 1485.2159850392527 910.2425302917659],[1297.314697265625 790.4044189453125 1375.984619140625 839.4561767578125],0.5842359662055969,EY61NBG,0.443252269183435
293,518.0,[408.1498155460269 813.78265353392 755.1836359371032 1079.3612815282431],[523.6380615234375 1015.7959594726562 633.3072509765625 1068.400634765625],0.6935653686523438,FJ14ZHY,0.3789072414871944
294,518.0,[406.6374177645416 817.2701072184926 754.5064494355447 1080.9768682721392],[523.3258056640625 1019.681396484375 630.2614135742188 1068.023193359375],0.6979634165763855,FJ14ZHY,0.41431888142003354
294,831.0,[1175.3984337146715 641.8562717622123 1488.7144670421228 917.3636851585685],[1295.0548095703125 800.4819946289062 1380.9669189453125 848.1981811523438],0.5735034346580505,EY61NBG,0.2704552050425856
295,518.0,[405.04887028855626 820.388389030923 753.8304336525813 1081.6392066036988],[521.9209594726562 1025.2757568359375 631.4742431640625 1076.0677490234375],0.7191578149795532,FJ14ZHY,0.4284706329723799
296,518.0,[403.2256239164486 824.6661793058113 753.3436083706428 1082.3975971635962],[523.54638671875 1031.1224365234375 627.297607421875 1080.0],0.7114206552505493,FJ14ZHY,0.4433000753772266
296,831.0,[1176.7426210948402 647.7159573613117 1491.1540256219932 923.9541912156762],[1297.34619140625 810.852783203125 1382.4012451171875 851.4965209960938],0.506472110748291,EY61NDC,0.4967860719412949
298,831.0,[1179.1616836686508 653.5076091330286 1493.94419340878 929.1537612317959],[1294.9339599609375 816.8831176757812 1385.208984375 858.8959350585938],0.6207807660102844,EY61NBG,0.2743399891349984
303,831.0,[1182.499140318882 663.7605738912424 1498.7405247096676 947.2466653213061],[1300.020263671875 834.8831176757812 1389.5064697265625 873.5088500976562],0.5790939331054688,EY61NBG,0.7764522042391033
304,831.0,[1182.0017215424268 666.1082061380151 1498.332318272885 951.9623132151117],[1300.7647705078125 833.8181762695312 1391.118896484375 877.0109252929688],0.60318922996521,EY61NBD,0.2700994927459521
305,831.0,[1182.647564926715 668.0581410080962 1499.4155930879956 956.5233442658749],[1301.421142578125 840.6925659179688 1391.038330078125 881.910888671875],0.6046014428138733,EY61NDG,0.19766089845845175
309,831.0,[1187.953437290742 680.7365173221798 1511.344863108804 972.6242383179166],[1304.57861328125 848.791259765625 1395.1519775390625 896.8125],0.5678173899650574,EV61NBT,0.16980131572260912
310,831.0,[1188.6712075662613 683.7261349078548 1513.4980649192048 976.9341993051972],[1306.3751220703125 846.9699096679688 1395.0831298828125 897.5967407226562],0.6226814985275269,EY61NBG,0.3517477791108627
313,831.0,[1188.7541767530904 693.0056991752152 1517.3619636322444 988.4822282886829],[1308.7939453125 866.2388305664062 1401.7196044921875 907.5433959960938],0.6190585494041443,EY61NBG,0.5650621254101189
314,831.0,[1189.9606510953108 696.5317318562229 1520.0414158970211 993.6923463697026],[1308.4036865234375 865.6248779296875 1403.8499755859375 914.331298828125],0.6789546012878418,EY61RBG,0.21204741611161432
315,831.0,[1190.4568909996776 697.9670810165087 1521.1237562710623 996.2322739989672],[1311.4130859375 859.7457275390625 1403.732666015625 915.6234741210938],0.620493471622467,EY61RBG,0.28070119365524
316,831.0,[1190.6705481905753 700.6437998286611 1523.7579098482563 999.3306730169767],[1308.4920654296875 873.0087890625 1406.257568359375 922.6234130859375],0.621408998966217,EY51NBG,0.3992641874864777
317,831.0,[1191.4666596248187 704.6027128576297 1526.3835415749588 1002.9898590421685],[1310.970947265625 880.7723388671875 1408.603271484375 922.369873046875],0.5325483083724976,EY61NBG,0.475054916749995
319,831.0,[1192.4423776256037 710.9436926988751 1530.1247113961279 1010.7360631449349],[1313.963134765625 890.3681030273438 1407.7259521484375 930.9768676757812],0.623310923576355,EY61NBG,0.32704079327369345
321,831.0,[1194.2474576172385 714.707017534751 1535.007447379573 1017.8974942247951],[1316.6162109375 891.2990112304688 1413.609375 938.5354614257812],0.6733388900756836,EY51NBG,0.28204661781157786
322,831.0,[1195.5623937978485 716.0313621512594 1537.428189915809 1021.2160418622939],[1320.60888671875 889.4886474609375 1414.760009765625 942.944091796875],0.521867573261261,EY61NBG,0.4811973807629709
323,831.0,[1195.940162716482 718.6970458151745 1537.408648655029 1025.23718076429],[1321.0247802734375 896.6233520507812 1415.59130859375 945.0653686523438],0.6189624071121216,EY61NBG,0.613567260373233
324,831.0,[1195.5311806512966 721.4691811976103 1535.6145959882026 1028.9610509646104],[1326.551513671875 904.3128662109375 1416.2015380859375 946.6005249023438],0.5928183794021606,EY61NBG,0.48287483216633337
326,831.0,[1197.258792246132 730.584860771065 1537.4955822694624 1039.4557302372548],[1322.54052734375 912.7723388671875 1416.2362060546875 956.1265869140625],0.6453893184661865,EY61NBG,0.5879295422475136
327,831.0,[1197.2267831081965 733.1265319539198 1537.9137569817897 1042.619240173795],[1320.35107421875 915.16552734375 1414.5899658203125 957.8074951171875],0.665804386138916,EY61NBG,0.1173826877738028
328,831.0,[1198.8910966177348 735.8373277827695 1541.357213016345 1045.9578799040091],[1324.272216796875 908.3812866210938 1420.201171875 966.4074096679688],0.6631056070327759,EY61NBG,0.5716662955076315
329,831.0,[1200.81337287891 739.5601792495452 1545.3799326869887 1050.4080355662084],[1324.814208984375 917.2335205078125 1422.5570068359375 969.7869873046875],0.5961559414863586,FY61NBG,0.4264104061973584
330,831.0,[1201.7858328053835 742.6561772169568 1548.401524569188 1054.1888252240005],[1328.3515625 920.4624633789062 1424.23876953125 970.7523803710938],0.6135314106941223,EY61NBC,0.30692941462365053
331,831.0,[1202.0730954695919 747.1269156654696 1550.750789751296 1059.1999025298594],[1329.896484375 922.841552734375 1423.5452880859375 978.3472290039062],0.2748791575431824,EY61NBG,0.20590759088412902
332,831.0,[1203.9673828096145 751.9089494994441 1556.3739888845487 1063.6177464931914],[1324.975341796875 935.7854614257812 1428.4229736328125 980.6898803710938],0.6710828542709351,EY61NBG,0.6416945817590597
333,831.0,[1204.106922391616 755.1148903832603 1559.3612649526362 1066.5113256184102],[1328.3148193359375 938.1663208007812 1429.988525390625 984.4403686523438],0.6899169683456421,EY61MBG,0.17439081558664507
336,831.0,[1204.7345182920424 761.8454763198704 1564.685906537906 1073.5763301228435],[1332.42626953125 952.4033203125 1431.4984130859375 993.895751953125],0.6291513442993164,EV61NBC,0.3377589217634293
337,831.0,[1203.8150939167958 763.1372052495142 1562.4139670553673 1074.6679792407806],[1334.659912109375 955.127197265625 1433.353759765625 999.7818603515625],0.6546627879142761,EY61NBG,0.5371076800236293
339,831.0,[1207.6643518215992 766.2277495266295 1568.7830385257707 1074.4216159127368],[1336.118896484375 962.5946655273438 1435.8026123046875 1006.2924194335938],0.6851702928543091,EY61NBG,0.3768826104336352
342,831.0,[1212.4380252831554 777.5961568349566 1576.4716794532158 1074.5148762078297],[1341.0474853515625 979.2394409179688 1446.335693359375 1022.2283935546875],0.6985496282577515,EY61NBG,0.6837249039490809
343,831.0,[1212.4829994433185 781.3224795009719 1578.4512296158214 1075.2250300542526],[1340.1737060546875 982.9776000976562 1442.1441650390625 1026.010986328125],0.6977147459983826,EY61NBG,0.7377984772164775
347,831.0,[1215.8129120930444 795.598509961135 1585.3077347606059 1076.6948338018688],[1344.5028076171875 999.9428100585938 1453.1290283203125 1048.3433837890625],0.7208536267280579,EY61NBG,0.5142399872783635
349,831.0,[1217.44071364726 802.9200706340982 1590.9071271272874 1078.006312197704],[1348.5860595703125 1007.8909301757812 1454.07421875 1053.9205322265625],0.7189601063728333,EY61NBG,0.6694475852070899
350,831.0,[1220.0767967072056 805.3557114803964 1596.8345280661106 1077.5749943354713],[1347.9180908203125 1010.703369140625 1456.3541259765625 1061.677734375],0.7377884387969971,EY61NBG,0.7468215187497727
351,831.0,[1221.6139573637404 807.0234247428757 1601.738365194671 1075.5407590383438],[1347.3843994140625 1014.4832763671875 1459.606201171875 1067.097900390625],0.6966644525527954,EY61NBG,0.6638314421915987
352,831.0,[1223.160308675922 810.2505101948952 1604.8942157178794 1074.8343874024965],[1351.6063232421875 1026.204345703125 1460.35400390625 1069.9676513671875],0.6913701295852661,EY61MBG,0.38188615006633914
353,-1,[-1 -1 -1 -1],[1354.7530517578125 1029.8570556640625 1462.95703125 1074.93359375],0.6820386052131653,EY61MBG,0.6041314645795988
355,-1,[-1 -1 -1 -1],[1357.137451171875 1035.4498291015625 1463.0888671875 1080.0],0.7030631899833679,EY61NBG,0.4939409160025406
356,-1,[-1 -1 -1 -1],[1361.3675537109375 1043.4102783203125 1462.4549560546875 1080.0],0.5806319117546082,EY61NBG,0.48571475078326964
